{
	"class_name" : "PinholeCameraParameters",
	"extrinsic" : 
	[
		0.93465818094171449,
		0.35494698520808404,
		0.020657262413434893,
		0.0,
		-0.098190649305920877,
		0.31352641061624065,
		-0.94448916681716266,
		0.0,
		-0.34172017966108909,
		0.88074617656722687,
		0.32789249957052136,
		0.0,
		0.10740520765983731,
		-0.18902707925592999,
		-0.97648096838714615,
		1.0
	],
	"intrinsic" : 
	{
		"height" : 1080,
		"intrinsic_matrix" : 
		[
			935.30743608719376,
			0.0,
			0.0,
			0.0,
			935.30743608719376,
			0.0,
			959.5,
			539.5,
			1.0
		],
		"width" : 1920
	},
	"version_major" : 1,
	"version_minor" : 0
}